No Subcategory==||AUTO NEW Acura==Acura||AUTO NEW Audi==Audi||AUTO NEW BMW==BMW||AUTO NEW Buick==Buick||AUTO NEW Cadillac==Cadillac||AUTO NEW Chevrolet==Chevrolet||AUTO NEW Chrysler==Chrysler||AUTO NEW Dodge==Dodge||AUTO NEW Ford==Ford||AUTO NEW GMC==GMC||AUTO NEW Honda==Honda||AUTO NEW Hummer==Hummer||AUTO NEW Hyundai==Hyundai||AUTO NEW Infiniti==Infiniti||AUTO NEW Isuzu==Isuzu||AUTO NEW Jaguar==Jaguar||AUTO NEW Jeep==Jeep||AUTO NEW Kia==Kia||AUTO NEW Land Rover==Land+Rover||AUTO NEW Lexus==Lexus||AUTO NEW Lincoln==Lincoln||AUTO NEW Mazda==Mazda||AUTO NEW Mercedes-Benz==Mercedes-Benz||AUTO NEW Mercury==Mercury||AUTO NEW MINI==MINI||AUTO NEW Mitsubishi==Mitsubishi||AUTO NEW Nissan==Nissan||AUTO NEW Pontiac==Pontiac||AUTO NEW Porsche==Porsche||AUTO NEW Ram==Ram||AUTO NEW Saab==Saab||AUTO NEW Saturn==Saturn||AUTO NEW Scion==Scion||AUTO NEW Smart==Smart||AUTO NEW Subaru==Subaru||AUTO NEW Suzuki==Suzuki||AUTO NEW Toyota==Toyota||AUTO NEW Volkswagen==Volkswagen||AUTO NEW Volvo==Volvo||HI HVAC Install Central A/C==Install+Central+A/C||HI HVAC Install Gas or Electric Boiler or Radiator==Install+Gas+or+Electric+Boiler+or+Radiator||HI HVAC Install Gas or Electric Furnace==Install+Gas+or+Electric+Furnace||HI HVAC Install Heat Pump==Install+Heat+Pump||HI HVAC Install Oil Boiler or Radiator==Install+Oil+Boiler+or+Radiator||HI HVAC Install Oil Furnace==Install+Oil+Furnace||HI HVAC Install Swamp Cooler==Install+Swamp+Cooler||HI HVAC Other==Other||HI HVAC Repair Central A/C==Repair+Central+A/C||HI HVAC Repair Gas or Electric Boiler or Radiator==Repair+Gas+or+Electric+Boiler+or+Radiator||HI HVAC Repair Gas or Electric Furnace==Repair+Gas+or+Electric+Furnace||HI HVAC Repair Heat Pump==Repair+Heat+Pump||HI HVAC Repair Oil Boiler or Radiator==Repair+Oil+Boiler+or+Radiator||HI HVAC Repair Oil Furnace==Repair+Oil+Furnace||HI HVAC Repair Other==Other||EDU Business and MBA Accounting==Accounting||EDU Business and MBA Administrative Assistant==Assistant||EDU Business and MBA Conflict Management==Conflict+Management||EDU Business and MBA Economics==Economics||EDU Business and MBA Finance==Finance||EDU Business and MBA Hotel and Hospitality Management==Hotel+and+Hospitality+Management||EDU Business and MBA Human Resources==Human+Resources||EDU Business and MBA International Business==International+Business||EDU Business and MBA Management==Management||EDU Business and MBA Marketing==Marketing||EDU Business and MBA Operations Management==Operations+Management||EDU Business and MBA Property Management==Property+Management||EDU Business and MBA Small Business Management==Small+Business+Management||EDU Computers and IT Business Information Systems==Business+Information+Systems||EDU Computers and IT Computer Science and Engineering==Computer+Science+and+Engineering||EDU Computers and IT Computer Security==Computer+Security||EDU Computers and IT Databases==Databases||EDU Computers and IT Game and Simulation Programming==Game+and+Simulation+Programming||EDU Computers and IT Game Design==Game+Design||EDU Computers and IT Graphics and Multimedia==Graphics+and+Multimedia||EDU Computers and IT Information Systems==Information+Systems||EDU Computers and IT Information Technology==Information+Technology||EDU Computers and IT Medical Informatics==Medical+Informatics||EDU Computers and IT Networks==Networks||EDU Computers and IT PC Repair==PC+Repair||EDU Computers and IT Programming==Programming||EDU Computers and IT Software Engineering==Software+Engineering||EDU Computers and IT System Administration==System+Administration||EDU Computers and IT System Analysis==System+Analysis||EDU Computers and IT Technology Management==Technology+Management||EDU Computers and IT Telecommunications==Telecommunicaitons||EDU Computers and IT Web Design==Web+Design||EDU Computers and IT Web Development==Web+Development||EDU Healthcare Alternative Medicine==Alternative+Medicine||EDU Healthcare Counseling==Counseling||EDU Healthcare Dental==Dental||EDU Healthcare Fitness==Fitness||EDU Healthcare Health Administration==Health+Administration||EDU Healthcare Health Science==Health+Science||EDU Healthcare Health Services==Health+Services||EDU Healthcare Human Services==Human+Services||EDU Healthcare Massage==Massage||EDU Healthcare Medical and Dental==Medical+Dental||EDU Healthcare Medical Assistant/Technician==Medical+Assitant/Technician||EDU Healthcare Medical Billing and Coding||EDU Healthcare Medical Informatics==Medical+Informatics||EDU Healthcare Medical Office==Medical+Office||EDU Healthcare Medical Transcription==Medical+Transcription||EDU Healthcare Nursing==Nursing||EDU Healthcare Occupational Therapy==Occupational+Therapy||EDU Healthcare Pharmacy==Pharmacy||EDU Healthcare Physical Assistant==Physical+Assistant||EDU Healthcare Psychology==Psychology||EDU Healthcare Public Administration==Public+Administration||EDU Healthcare Public Health==Public+Health||EDU Healthcare Radiology==Radiology||EDU Healthcare Social Work==Social+Work||EDU Nursing Nursing==Nursing+Nursing||INS AUTO Insured==Insured||INS AUTO Uninsured==Uninsured||RE BUY HOME Forclosure==Foreclosure||RE BUY HOME Non-Forclosure==Non-Forclosure||RE BUY HOME Rent to Own==Rent+to+Own||RE MORTGAGE New Home Mortgage==New+Home+Mortgage||RE MORTGAGE Re-Finance==Re-Finance||RE SELL HOME Motivated Seller==Motivated+Seller||RE SELL HOME Prospective Seller==Prospective+Seller